<application>
  <component name="UpdatesConfigurable">
    <ignoredBuildNumbers>
      <item value="183.4139.168" />
      <item value="183.3885.151" />
      <item value="183.4560.28" />
      <item value="183.4704.20" />
      <item value="191.6062.275" />
      <item value="191.6349.96" />
    </ignoredBuildNumbers>
    <option name="LAST_BUILD_CHECKED" value="RD-183.6092.12" />
    <option name="LAST_TIME_CHECKED" value="1553758975430" />
    <option name="THIRD_PARTY_PLUGINS_ALLOWED" value="true" />
    <option name="UPDATE_CHANNEL_TYPE" value="eap" />
  </component>
</application>