<application>
  <component name="VimSettings">
    <state version="4" enabled="true" />
    <globalmarks />
    <filemarks>
      <file name="E:/TFW/trunk/client/TFW/Assets/Res/GameConfig/npc_troop.tsv" timestamp="1553666164650">
        <mark key="'" line="0" column="30" />
      </file>
      <file name="E:/gdy/Assets/Framework/Script/Act/Lib/ActTrackEffect.cs" timestamp="1552639697817">
        <mark key="[" line="191" column="44" />
        <mark key="]" line="191" column="49" />
        <mark key="." line="191" column="49" />
        <mark key="^" line="191" column="49" />
      </file>
      <file name="E:/TileMapMaker/TileMapMaker/Assets/Script/Map/MapEditor/TileMeshCreator/RectangleTileMeshCreator.cs" timestamp="1553500863515">
        <mark key="[" line="20" column="0" />
        <mark key="]" line="20" column="0" />
        <mark key="^" line="17" column="11" />
        <mark key="." line="20" column="0" />
      </file>
      <file name="E:/N1/client/N1/Assets/Slua/SluaCode/Logic/LHero.lua" timestamp="1544774989804">
        <mark key="'" line="10" column="4" />
        <mark key="[" line="552" column="11" />
        <mark key="]" line="552" column="38" />
        <mark key="." line="552" column="38" />
        <mark key="^" line="552" column="38" />
      </file>
      <file name="E:/TFW/trunk/client/TFW/Assets/LuaCode/UI/WndPlayerCityPopup.lua" timestamp="1553236062664">
        <mark key="'" line="11" column="75" />
        <mark key="[" line="22" column="22" />
        <mark key="]" line="22" column="23" />
        <mark key="." line="22" column="23" />
        <mark key="^" line="22" column="23" />
      </file>
      <file name="E:/TFW/trunk/client/TFW/Assets/LuaCode/Logic/FakeServer.lua" timestamp="1553677182461">
        <mark key="'" line="27" column="4" />
        <mark key="[" line="207" column="12" />
        <mark key="]" line="207" column="14" />
        <mark key="." line="207" column="14" />
        <mark key="^" line="207" column="14" />
      </file>
      <file name="E:/N1/client/N1/Assets/Slua/SluaCode/Utils/NTimer.lua" timestamp="1544599626448">
        <mark key="'" line="21" column="0" />
        <mark key="[" line="5" column="10" />
        <mark key="]" line="6" column="14" />
        <mark key="." line="6" column="14" />
        <mark key="^" line="6" column="14" />
      </file>
      <file name="E:/TFW/trunk/client/TFW/Assets/Framework/Script/Act/Lib/ActLuaFunc.cs" timestamp="1552461885832">
        <mark key="'" line="0" column="0" />
        <mark key="[" line="43" column="0" />
        <mark key="]" line="43" column="0" />
        <mark key="^" line="11" column="16" />
        <mark key="." line="43" column="0" />
      </file>
      <file name="E:/gdy/Assets/Framework/Script/Act/Lib/ActEffect.cs" timestamp="1552639623180">
        <mark key="'" line="93" column="24" />
        <mark key="[" line="93" column="24" />
        <mark key="]" line="93" column="29" />
        <mark key="." line="93" column="24" />
        <mark key="^" line="158" column="38" />
      </file>
      <file name="E:/TFW/trunk/client/TFW/Assets/LuaCode/Render/Troop.lua" timestamp="1552720955228">
        <mark key="'" line="14" column="4" />
        <mark key="[" line="124" column="0" />
        <mark key="]" line="124" column="0" />
        <mark key="." line="124" column="0" />
        <mark key="^" line="125" column="16" />
      </file>
      <file name="E:/N1/client/N1/Assets/Script/Combat/ActAreaEffect.cs" timestamp="1544513000362">
        <mark key="'" line="141" column="29" />
        <mark key="[" line="177" column="0" />
        <mark key="]" line="177" column="74" />
        <mark key="^" line="176" column="15" />
        <mark key="." line="177" column="0" />
      </file>
      <file name="E:/TFW/trunk/client/TFW/Assets/LuaCode/Render/Entity/Entity.lua" timestamp="1552978349794">
        <mark key="'" line="17" column="16" />
        <mark key="[" line="18" column="22" />
        <mark key="]" line="18" column="27" />
        <mark key="." line="18" column="27" />
        <mark key="^" line="18" column="27" />
      </file>
      <file name="E:/N1/client/N1/Assets/Editor/BattleEditor/BattleUtils.cs" timestamp="1542347851277">
        <mark key="'" line="174" column="0" />
        <mark key="[" line="39" column="12" />
        <mark key="]" line="39" column="27" />
        <mark key="." line="39" column="27" />
        <mark key="^" line="39" column="27" />
      </file>
      <file name="E:/TFW/trunk/client/TFW/Assets/LuaCode/LuaRootInit.lua" timestamp="1553149774363">
        <mark key="'" line="58" column="17" />
        <mark key="[" line="46" column="16" />
        <mark key="]" line="46" column="24" />
        <mark key="." line="46" column="24" />
        <mark key="^" line="46" column="24" />
      </file>
      <file name="E:/N1/client/N1/Assets/Script/Logo/Bundle/Editor/BuildPanel.cs" timestamp="1542096080229">
        <mark key="'" line="174" column="37" />
        <mark key="[" line="344" column="0" />
        <mark key="]" line="344" column="24" />
        <mark key="^" line="343" column="15" />
        <mark key="." line="344" column="0" />
      </file>
      <file name="E:/TFW/trunk/client/TFW/Assets/LuaCode/TFW/Utils/SCommon.lua" timestamp="1553146509800">
        <mark key="'" line="0" column="0" />
        <mark key="[" line="1216" column="50" />
        <mark key="]" line="1217" column="40" />
        <mark key="^" line="1217" column="40" />
        <mark key="." line="1217" column="40" />
      </file>
      <file name="E:/TileMapMaker/TileMapMaker/Assets/Script/Utility/Common.cs" timestamp="1553498570283">
        <mark key="[" line="26" column="9" />
        <mark key="]" line="28" column="7" />
        <mark key="^" line="28" column="7" />
        <mark key="." line="28" column="7" />
      </file>
      <file name="E:/TFW/trunk/client/TFW/Assets/Framework/Script/Act/Actor.cs" timestamp="1552712083960">
        <mark key="'" line="397" column="7" />
        <mark key="[" line="126" column="74" />
        <mark key="]" line="126" column="77" />
        <mark key="." line="126" column="77" />
        <mark key="^" line="126" column="77" />
      </file>
      <file name="E:/TileMapMaker/TileMapMaker/Assets/Editor/TileMapManagerEditor.cs" timestamp="1553502459991">
        <mark key="[" line="31" column="12" />
        <mark key="]" line="38" column="75" />
        <mark key="." line="35" column="38" />
      </file>
      <file name="E:/N1/client/N1/Assets/Slua/SluaCode/UI/WndBase.lua" timestamp="1545034702326">
        <mark key="'" line="474" column="17" />
        <mark key="[" line="303" column="7" />
        <mark key="]" line="304" column="7" />
        <mark key="^" line="304" column="7" />
        <mark key="." line="304" column="7" />
      </file>
      <file name="E:/TileMapMaker/TileMapMaker/Assets/Script/Map/MapEditor/TileMapMakerEditor.cs" timestamp="1553750897774">
        <mark key="[" line="40" column="30" />
        <mark key="]" line="40" column="40" />
        <mark key="^" line="40" column="40" />
        <mark key="." line="40" column="40" />
      </file>
      <file name="E:/TFW/trunk/client/TFW/Assets/LuaCode/Logic/LUser.lua" timestamp="1553678034632">
        <mark key="[" line="69" column="38" />
        <mark key="]" line="69" column="43" />
        <mark key="^" line="69" column="43" />
        <mark key="." line="69" column="43" />
      </file>
      <file name="E:/N1/client/N1/Assets/Script/Combat/ActEffect.cs" timestamp="1542332959610">
        <mark key="'" line="275" column="4" />
        <mark key="[" line="148" column="0" />
        <mark key="]" line="148" column="28" />
        <mark key="^" line="147" column="15" />
        <mark key="." line="148" column="0" />
      </file>
      <file name="E:/TFW/trunk/client/TFW/Assets/LuaCode/Logic/LViewportMgr.lua" timestamp="1553162956023">
        <mark key="'" line="22" column="42" />
        <mark key="[" line="132" column="61" />
        <mark key="]" line="132" column="61" />
        <mark key="." line="132" column="61" />
        <mark key="^" line="132" column="61" />
      </file>
      <file name="E:/N1/client/N1/Assets/Script/Map/MapLayerFront.cs" timestamp="1553753289197">
        <mark key="'" line="49" column="22" />
      </file>
      <file name="E:/TFW/trunk/client/TFW/Assets/Framework/Script/Act/Editor/ActEditor/ActEffectEditor.cs" timestamp="1552467569495">
        <mark key="[" line="12" column="0" />
        <mark key="]" line="12" column="0" />
        <mark key="." line="12" column="0" />
        <mark key="^" line="74" column="73" />
      </file>
      <file name="E:/TFW/trunk/client/TFW/Assets/LuaCode/TFW/Net/MessageMgr.lua" timestamp="1553677038773">
        <mark key="'" line="77" column="6" />
        <mark key="[" line="13" column="12" />
        <mark key="]" line="13" column="12" />
        <mark key="^" line="13" column="21" />
        <mark key="." line="13" column="12" />
      </file>
      <file name="E:/TFW/trunk/client/TFW/Assets/Script/Logo/Logo.cs" timestamp="1552629949062">
        <mark key="[" line="144" column="31" />
        <mark key="]" line="145" column="28" />
        <mark key="." line="145" column="28" />
        <mark key="^" line="145" column="28" />
      </file>
      <file name="E:/gdy/Assets/Framework/Script/Debug/TDBOutputer/TDBOutput/TDBOutputToWinShell/LuaShellType.cs" timestamp="1552639225429">
        <mark key="[" line="57" column="48" />
        <mark key="]" line="57" column="69" />
        <mark key="." line="57" column="69" />
        <mark key="^" line="57" column="69" />
      </file>
      <file name="E:/N1/client/N1/Assets/Slua/SluaCode/Combat/CombatMap.lua" timestamp="1543482894091">
        <mark key="'" line="20" column="4" />
        <mark key="[" line="189" column="8" />
        <mark key="]" line="189" column="77" />
        <mark key="^" line="141" column="39" />
        <mark key="." line="141" column="39" />
      </file>
      <file name="E:/N1/client/N1/Assets/Script/Manager/ObjectPool.cs" timestamp="1544518659930">
        <mark key="'" line="137" column="8" />
        <mark key="[" line="105" column="0" />
        <mark key="]" line="105" column="0" />
        <mark key="^" line="104" column="25" />
        <mark key="." line="105" column="0" />
      </file>
      <file name="E:/N1/client/N1/Assets/Script/GameRoot.cs" timestamp="1541665814444">
        <mark key="'" line="126" column="8" />
        <mark key="[" line="236" column="25" />
        <mark key="]" line="238" column="29" />
        <mark key="^" line="238" column="29" />
        <mark key="." line="238" column="29" />
      </file>
      <file name="E:/TFW/trunk/client/TFW/Assets/LuaCode/Render/RBattle.lua" timestamp="1553677203826">
        <mark key="[" line="13" column="25" />
        <mark key="]" line="13" column="27" />
        <mark key="." line="13" column="27" />
        <mark key="^" line="13" column="27" />
      </file>
      <file name="E:/N1/client/N1/Assets/Slua/SluaCode/Utils/EventMgr.lua" timestamp="1544620741104">
        <mark key="'" line="266" column="6" />
        <mark key="[" line="61" column="5" />
        <mark key="]" line="61" column="28" />
        <mark key="^" line="223" column="17" />
        <mark key="." line="61" column="5" />
      </file>
      <file name="E:/TFW/trunk/client/TFW/Assets/Script/Map/MapLayerEntity.cs" timestamp="1552446142728">
        <mark key="[" line="54" column="0" />
        <mark key="]" line="54" column="58" />
        <mark key="^" line="53" column="15" />
        <mark key="." line="54" column="0" />
      </file>
      <file name="E:/N1/client/N1/Assets/Slua/SluaCode/UI/WndHeroList.lua" timestamp="1544618293925">
        <mark key="'" line="9" column="6" />
        <mark key="[" line="54" column="43" />
        <mark key="]" line="54" column="62" />
        <mark key="^" line="54" column="62" />
        <mark key="." line="54" column="62" />
      </file>
      <file name="E:/N1/client/N1/Assets/Script/Utils/SkillMakerController.cs" timestamp="1543215094497">
        <mark key="'" line="58" column="13" />
        <mark key="[" line="9" column="0" />
        <mark key="]" line="9" column="6" />
        <mark key="^" line="9" column="6" />
        <mark key="." line="9" column="6" />
      </file>
      <file name="E:/N1/client/N1/Assets/Slua/SluaCode/Formula/FTroop.lua" timestamp="1544856163195">
        <mark key="'" line="296" column="22" />
        <mark key="[" line="430" column="69" />
        <mark key="]" line="430" column="73" />
        <mark key="^" line="430" column="73" />
        <mark key="." line="430" column="73" />
      </file>
      <file name="E:/TFW/trunk/client/TFW/Assets/LuaCode/Formula/Formula.lua" timestamp="1553581044920">
        <mark key="[" line="20" column="17" />
        <mark key="]" line="20" column="23" />
        <mark key="." line="20" column="23" />
        <mark key="^" line="20" column="23" />
      </file>
      <file name="E:/gdy/Assets/Framework/Script/Mgr/UIMgr.cs" timestamp="1552639828540">
        <mark key="[" line="164" column="23" />
        <mark key="]" line="164" column="28" />
        <mark key="^" line="164" column="28" />
        <mark key="." line="164" column="28" />
      </file>
      <file name="E:/TFW/trunk/client/TFW/Assets/LuaCode/UI/WndPlayerCity.lua" timestamp="1553233674163">
        <mark key="[" line="11" column="0" />
        <mark key="]" line="12" column="5" />
        <mark key="." line="12" column="5" />
        <mark key="^" line="12" column="5" />
      </file>
      <file name="E:/N1/client/N1/Assets/Slua/SluaCode/UI/WndAttributeResetConfirm.lua" timestamp="1543994837472">
        <mark key="'" line="78" column="66" />
        <mark key="[" line="55" column="15" />
        <mark key="]" line="56" column="46" />
        <mark key="." line="56" column="46" />
        <mark key="^" line="56" column="46" />
      </file>
      <file name="E:/N1/client/N1/Assets/Editor/UIEditor/RadarChartEditor.cs" timestamp="1542768614894">
        <mark key="'" line="25" column="4" />
        <mark key="[" line="41" column="67" />
        <mark key="]" line="41" column="72" />
        <mark key="." line="41" column="72" />
        <mark key="^" line="41" column="72" />
      </file>
      <file name="E:/N1/client/N1/Assets/Slua/SluaCode/Combat/Fighter.lua" timestamp="1545184897988">
        <mark key="'" line="32" column="12" />
        <mark key="[" line="188" column="0" />
        <mark key="]" line="188" column="0" />
        <mark key="^" line="162" column="12" />
        <mark key="." line="188" column="0" />
      </file>
      <file name="E:/TFW/trunk/client/TFW/Assets/LuaCode/Render/test.puml" timestamp="1553766588132">
        <mark key="[" line="4" column="5" />
        <mark key="]" line="4" column="5" />
        <mark key="." line="4" column="5" />
        <mark key="^" line="4" column="5" />
      </file>
      <file name="E:/TFW/trunk/client/TFW/Assets/Framework/Script/Map/Map/MapView.cs" timestamp="1553595735270">
        <mark key="[" line="90" column="64" />
        <mark key="]" line="91" column="11" />
        <mark key="^" line="91" column="11" />
        <mark key="." line="91" column="11" />
      </file>
      <file name="E:/TFW/trunk/client/TFW/Assets/LuaCode/Render/RTroop.lua" timestamp="1552297518461">
        <mark key="'" line="18" column="23" />
        <mark key="[" line="121" column="4" />
        <mark key="]" line="129" column="13" />
        <mark key="." line="97" column="25" />
        <mark key="^" line="97" column="25" />
      </file>
      <file name="E:/TFW/trunk/client/TFW/Assets/LuaCode/Logic/LLogin.lua" timestamp="1553593373616">
        <mark key="'" line="385" column="2" />
        <mark key="[" line="549" column="43" />
        <mark key="]" line="549" column="54" />
        <mark key="^" line="549" column="54" />
        <mark key="." line="549" column="54" />
      </file>
      <file name="E:/N1/client/N1/Assets/ModelIntroController.cs" timestamp="1542078927849">
        <mark key="'" line="31" column="86" />
        <mark key="[" line="45" column="0" />
        <mark key="]" line="45" column="0" />
        <mark key="." line="45" column="0" />
        <mark key="^" line="34" column="35" />
      </file>
      <file name="E:/TFW/trunk/client/TFW/Assets/LuaCode/Logic/LMapEntityTroop.lua" timestamp="1553677027417">
        <mark key="'" line="67" column="38" />
        <mark key="[" line="7" column="0" />
        <mark key="]" line="7" column="0" />
        <mark key="." line="7" column="0" />
        <mark key="^" line="175" column="100" />
      </file>
      <file name="E:/TFW/trunk/client/TFW/Assets/Script/Combat/LocationMgr.cs" timestamp="1552645779530">
        <mark key="[" line="200" column="0" />
        <mark key="]" line="200" column="0" />
        <mark key="^" line="196" column="89" />
        <mark key="." line="200" column="0" />
      </file>
      <file name="E:/TileMapMaker/TileMapMaker/Assets/Script/Map/MapEditor/TileMesh/RectangleTileMeshCreator.cs" timestamp="1553507424190">
        <mark key="[" line="24" column="35" />
        <mark key="]" line="26" column="31" />
        <mark key="." line="26" column="31" />
        <mark key="^" line="26" column="31" />
      </file>
      <file name="E:/TFW/trunk/client/TFW/Assets/LuaCode/Logic/LMapEntityNpcTroop.lua" timestamp="1553679219515">
        <mark key="'" line="136" column="26" />
        <mark key="[" line="79" column="49" />
        <mark key="]" line="79" column="55" />
        <mark key="^" line="79" column="55" />
        <mark key="." line="79" column="55" />
      </file>
      <file name="E:/N1/client/N1/Assets/Slua/SluaCode/UI/HeroInfoPanel.lua" timestamp="1544617502253">
        <mark key="'" line="43" column="73" />
        <mark key="[" line="41" column="53" />
        <mark key="]" line="42" column="57" />
        <mark key="^" line="42" column="57" />
        <mark key="." line="42" column="57" />
      </file>
      <file name="E:/N1/client/N1/Assets/Slua/SluaCode/Formula/FMap.lua" timestamp="1544499091949">
        <mark key="'" line="568" column="35" />
        <mark key="[" line="565" column="10" />
        <mark key="]" line="566" column="23" />
        <mark key="^" line="566" column="23" />
        <mark key="." line="566" column="23" />
      </file>
      <file name="E:/gdy/Assets/Framework/Script/Act/ActDef.cs" timestamp="1552639000264">
        <mark key="[" line="19" column="52" />
        <mark key="]" line="23" column="59" />
        <mark key="^" line="23" column="59" />
        <mark key="." line="23" column="59" />
      </file>
      <file name="E:/N1/client/N1/Assets/Script/Combat/ActTrackEffect.cs" timestamp="1544172536144">
        <mark key="'" line="53" column="8" />
        <mark key="[" line="248" column="21" />
        <mark key="]" line="248" column="90" />
        <mark key="^" line="170" column="9" />
        <mark key="." line="170" column="8" />
      </file>
      <file name="E:/TFW/trunk/client/TFW/Assets/LuaCode/Render/RMapEntity.lua" timestamp="1553137969763">
        <mark key="'" line="17" column="14" />
        <mark key="[" line="48" column="26" />
        <mark key="]" line="49" column="28" />
        <mark key="." line="49" column="28" />
        <mark key="^" line="49" column="28" />
      </file>
      <file name="E:/N1/client/N1/Assets/Script/Combat/CombatSceneMgr.cs" timestamp="1542876713133">
        <mark key="'" line="283" column="26" />
        <mark key="[" line="17" column="66" />
        <mark key="]" line="19" column="57" />
        <mark key="." line="19" column="57" />
        <mark key="^" line="19" column="57" />
      </file>
      <file name="E:/TileMapMaker/TileMapMaker/Assets/Script/Utility/ResourceManager.cs" timestamp="1553482927386">
        <mark key="[" line="3" column="13" />
        <mark key="]" line="3" column="20" />
        <mark key="^" line="3" column="20" />
        <mark key="." line="3" column="20" />
      </file>
      <file name="E:/TFW/trunk/client/TFW/Assets/LuaCode/UI/WndEnemyCityPopup.lua" timestamp="1553238916615">
        <mark key="'" line="0" column="4" />
        <mark key="[" line="46" column="47" />
        <mark key="]" line="47" column="32" />
        <mark key="^" line="47" column="32" />
        <mark key="." line="47" column="32" />
      </file>
      <file name="E:/TFW/trunk/client/TFW/Assets/LuaCode/UI/WndLoginDev.lua" timestamp="1552977497094">
        <mark key="[" line="254" column="33" />
        <mark key="]" line="254" column="56" />
        <mark key="^" line="254" column="49" />
        <mark key="." line="254" column="49" />
      </file>
      <file name="E:/TFW/trunk/client/TFW/Assets/LuaCode/Render/Entity/UnitGroup.lua" timestamp="1552978504070">
        <mark key="'" line="24" column="18" />
        <mark key="[" line="11" column="28" />
        <mark key="]" line="11" column="31" />
        <mark key="." line="11" column="31" />
        <mark key="^" line="11" column="31" />
      </file>
      <file name="E:/TFW/trunk/client/TFW/Assets/Framework/Script/Act/Lib/ActLinkEffect.cs" timestamp="1552461718562">
        <mark key="'" line="0" column="0" />
        <mark key="[" line="155" column="23" />
        <mark key="]" line="155" column="30" />
        <mark key="^" line="155" column="30" />
        <mark key="." line="155" column="30" />
      </file>
      <file name="E:/N1/client/N1/Assets/Slua/SluaCode/Combat/BattleContext.lua" timestamp="1545121400997">
        <mark key="'" line="322" column="0" />
        <mark key="[" line="3" column="6" />
        <mark key="]" line="3" column="7" />
        <mark key="." line="3" column="7" />
        <mark key="^" line="3" column="7" />
      </file>
      <file name="E:/N1/client/N1/Assets/Res/Combat/Data/scene_config.xml" timestamp="1543573169441">
        <mark key="'" line="0" column="0" />
        <mark key="[" line="277" column="57" />
        <mark key="]" line="277" column="60" />
        <mark key="^" line="277" column="60" />
        <mark key="." line="277" column="60" />
      </file>
      <file name="E:/gdy/Assets/Framework/Script/Act/Lib/ActAnimation.cs" timestamp="1552639557576">
        <mark key="[" line="102" column="16" />
        <mark key="]" line="102" column="21" />
        <mark key="." line="102" column="21" />
        <mark key="^" line="102" column="21" />
      </file>
      <file name="E:/N1/client/N1/Assets/Script/Logo/Logo.cs" timestamp="1545113375034">
        <mark key="'" line="136" column="26" />
        <mark key="[" line="138" column="33" />
        <mark key="]" line="138" column="37" />
        <mark key="^" line="138" column="37" />
        <mark key="." line="138" column="37" />
      </file>
      <file name="E:/N1/client/N1/Assets/Slua/SluaCode/Utils/ListViewHelper.lua" timestamp="1544767038605">
        <mark key="'" line="301" column="9" />
        <mark key="[" line="87" column="56" />
        <mark key="]" line="87" column="55" />
        <mark key="." line="87" column="55" />
        <mark key="^" line="87" column="55" />
      </file>
      <file name="E:/N1/client/N1/Assets/Script/Combat/CombatMgr.cs" timestamp="1544164012318">
        <mark key="'" line="119" column="0" />
        <mark key="[" line="55" column="0" />
        <mark key="]" line="55" column="0" />
        <mark key="." line="55" column="0" />
        <mark key="^" line="54" column="22" />
      </file>
      <file name="E:/N1/client/N1/Assets/Slua/SluaCode/UI/WndCityDetail.lua" timestamp="1544856606788">
        <mark key="'" line="29" column="0" />
        <mark key="[" line="420" column="59" />
        <mark key="]" line="420" column="76" />
        <mark key="." line="420" column="59" />
        <mark key="^" line="146" column="75" />
      </file>
      <file name="E:/TFW/trunk/client/TFW/Assets/Res/GameConfig/soldier.tsv" timestamp="1553654749296">
        <mark key="'" line="52" column="0" />
      </file>
      <file name="E:/TFW/trunk/client/TFW/Assets/Framework/Script/Light/Shader/building_with_mask.shader" timestamp="1553656172080">
        <mark key="[" line="82" column="0" />
        <mark key="]" line="82" column="0" />
        <mark key="." line="82" column="0" />
      </file>
      <file name="E:/N1/client/N1/Assets/Slua/SluaCode/Logic/LTask.lua" timestamp="1543198031939">
        <mark key="'" line="0" column="0" />
        <mark key="[" line="914" column="4" />
        <mark key="]" line="914" column="5" />
        <mark key="." line="914" column="5" />
        <mark key="^" line="914" column="5" />
      </file>
      <file name="E:/TFW/trunk/client/TFW/Assets/LuaCode/UI/WndPlayerTroopList.lua" timestamp="1552033880387">
        <mark key="'" line="29" column="29" />
        <mark key="[" line="54" column="0" />
        <mark key="]" line="54" column="67" />
        <mark key="." line="5" column="38" />
        <mark key="^" line="5" column="38" />
      </file>
      <file name="E:/TileMapMaker/TileMapMaker/Assets/Script/Map/MapEditor/TileMeshCreator/HexagonTileMeshCreator.cs" timestamp="1553501006121">
        <mark key="[" line="10" column="27" />
        <mark key="]" line="10" column="27" />
        <mark key="." line="10" column="27" />
        <mark key="^" line="4" column="23" />
      </file>
      <file name="E:/N1/client/N1/Assets/Res/GameConfig/local_comm.csv" timestamp="1545118867295">
        <mark key="'" line="171" column="54" />
        <mark key="[" line="561" column="0" />
        <mark key="]" line="561" column="16" />
        <mark key="^" line="561" column="81" />
        <mark key="." line="561" column="81" />
      </file>
      <file name="E:/N1/client/N1/Assets/Slua/SluaCode/Utils/SCommon.lua" timestamp="1544583643045">
        <mark key="'" line="846" column="17" />
        <mark key="[" line="1161" column="16" />
        <mark key="]" line="1161" column="31" />
        <mark key="^" line="1161" column="31" />
        <mark key="." line="1161" column="31" />
      </file>
      <file name="E:/TFW/trunk/client/TFW/Assets/Framework/Script/Act/Editor/ActEditor/ActTrackEffectEditor.cs" timestamp="1552468409127">
        <mark key="[" line="49" column="51" />
        <mark key="]" line="49" column="69" />
        <mark key="." line="49" column="69" />
        <mark key="^" line="49" column="69" />
      </file>
      <file name="E:/N1/client/N1/Assets/Slua/SluaCode/Render/UIHelper.lua" timestamp="1545200077259">
        <mark key="'" line="152" column="25" />
        <mark key="[" line="158" column="96" />
        <mark key="]" line="158" column="102" />
        <mark key="." line="158" column="102" />
        <mark key="^" line="158" column="102" />
      </file>
      <file name="E:/N1/client/N1/Assets/Slua/SluaCode/UI/WndTroopDispatch.lua" timestamp="1544861293614">
        <mark key="'" line="52" column="21" />
        <mark key="[" line="146" column="60" />
        <mark key="]" line="146" column="67" />
        <mark key="." line="146" column="67" />
        <mark key="^" line="146" column="67" />
      </file>
      <file name="E:/TFW/trunk/client/TFW/Assets/LuaCode/Render/Unit.lua" timestamp="1552963720508">
        <mark key="'" line="11" column="36" />
        <mark key="[" line="0" column="4" />
        <mark key="]" line="0" column="9" />
        <mark key="^" line="0" column="9" />
        <mark key="." line="0" column="9" />
      </file>
      <file name="E:/TileMapMaker/TileMapMaker/Assets/Script/Map/Map.cs" timestamp="1553751086820">
        <mark key="'" line="27" column="15" />
        <mark key="[" line="15" column="23" />
        <mark key="]" line="15" column="32" />
        <mark key="^" line="15" column="32" />
        <mark key="." line="15" column="32" />
      </file>
      <file name="E:/TileMapMaker/TileMapMaker/Assets/Script/Map/MapConst.cs" timestamp="1553483219738">
        <mark key="[" line="3" column="65" />
        <mark key="]" line="3" column="65" />
        <mark key="." line="3" column="65" />
        <mark key="^" line="3" column="65" />
      </file>
      <file name="E:/TFW/trunk/client/TFW/Assets/Script/Map/Comp/MapMarchView.cs" timestamp="1552552837391">
        <mark key="[" line="2" column="10" />
        <mark key="]" line="2" column="16" />
        <mark key="^" line="2" column="16" />
        <mark key="." line="2" column="16" />
      </file>
      <file name="E:/N1/client/N1/Assets/Script/Combat/ActorRenderer.cs" timestamp="1544164435575">
        <mark key="'" line="8" column="13" />
        <mark key="[" line="164" column="0" />
        <mark key="]" line="165" column="16" />
        <mark key="." line="165" column="16" />
        <mark key="^" line="165" column="16" />
      </file>
      <file name="E:/gdy/Assets/Framework/Script/Act/Actor.cs" timestamp="1552639532810">
        <mark key="'" line="5" column="22" />
        <mark key="[" line="482" column="16" />
        <mark key="]" line="482" column="21" />
        <mark key="^" line="482" column="21" />
        <mark key="." line="482" column="21" />
      </file>
      <file name="E:/N1/client/N1/Assets/Editor/Build/JenkinsAdapter.cs" timestamp="1545193114908">
        <mark key="'" line="201" column="74" />
        <mark key="[" line="201" column="72" />
        <mark key="]" line="201" column="74" />
        <mark key="." line="201" column="74" />
        <mark key="^" line="201" column="74" />
      </file>
      <file name="E:/TFW/trunk/client/TFW/Assets/march-battle-solution.md" timestamp="1552542905470">
        <mark key="'" line="14" column="7" />
        <mark key="[" line="38" column="29" />
        <mark key="]" line="38" column="29" />
        <mark key="^" line="40" column="11" />
        <mark key="." line="38" column="29" />
      </file>
      <file name="E:/N1/client/N1/Assets/Slua/SluaCode/Combat/SCombatMgr.lua" timestamp="1545121443469">
        <mark key="'" line="207" column="11" />
        <mark key="[" line="20" column="17" />
        <mark key="]" line="20" column="35" />
        <mark key="." line="20" column="35" />
        <mark key="^" line="20" column="35" />
      </file>
      <file name="E:/TFW/trunk/client/TFW/Assets/Editor/Extend/MenuOptionsBolckComponent.cs" timestamp="1552568034355">
        <mark key="[" line="79" column="10" />
        <mark key="]" line="79" column="10" />
        <mark key="^" line="84" column="9" />
        <mark key="." line="79" column="10" />
      </file>
      <file name="E:/TFW/trunk/client/TFW/Assets/Script/Combat/ModelMgr.cs" timestamp="1553048309270">
        <mark key="[" line="123" column="0" />
        <mark key="]" line="123" column="0" />
        <mark key="^" line="125" column="36" />
        <mark key="." line="123" column="0" />
      </file>
      <file name="E:/TFW/trunk/client/TFW/Assets/LuaCode/Render/EntityResource.lua" timestamp="1552718434515">
        <mark key="[" line="24" column="23" />
        <mark key="]" line="24" column="23" />
        <mark key="^" line="24" column="23" />
        <mark key="." line="24" column="23" />
      </file>
      <file name="E:/TileMapMaker/TileMapMaker/Assets/Script/Map/Object/TileType.cs" timestamp="1553500422687">
        <mark key="[" line="3" column="11" />
        <mark key="]" line="3" column="11" />
        <mark key="." line="3" column="11" />
        <mark key="^" line="3" column="11" />
      </file>
      <file name="E:/TFW/trunk/client/TFW/Assets/Script/Map/MapMgrLayer.cs" timestamp="1552446503372">
        <mark key="[" line="17" column="18" />
        <mark key="]" line="18" column="14" />
        <mark key="^" line="18" column="14" />
        <mark key="." line="18" column="14" />
      </file>
      <file name="E:/N1/client/N1/Assets/Slua/SluaCode/Render/ImageMgr.lua" timestamp="1544771782560">
        <mark key="'" line="60" column="28" />
        <mark key="[" line="84" column="56" />
        <mark key="]" line="84" column="61" />
        <mark key="." line="84" column="61" />
        <mark key="^" line="84" column="61" />
      </file>
      <file name="E:/N1/client/N1/Assets/Editor/SluaBuilder/CustomExport.cs" timestamp="1543483296692">
        <mark key="'" line="153" column="23" />
        <mark key="[" line="153" column="55" />
        <mark key="]" line="153" column="55" />
        <mark key="^" line="153" column="55" />
        <mark key="." line="153" column="55" />
      </file>
      <file name="E:/TFW/trunk/client/TFW/Assets/LuaCode/Render/BlogHandlers.lua" timestamp="1553679396480">
        <mark key="'" line="5" column="11" />
        <mark key="[" line="14" column="77" />
        <mark key="]" line="14" column="81" />
        <mark key="^" line="14" column="81" />
        <mark key="." line="14" column="81" />
      </file>
      <file name="E:/TFW/trunk/client/TFW/Assets/LuaCode/Render/UnitGroup.lua" timestamp="1552720983956">
        <mark key="'" line="32" column="10" />
        <mark key="[" line="92" column="74" />
        <mark key="]" line="92" column="87" />
        <mark key="." line="92" column="87" />
        <mark key="^" line="92" column="87" />
      </file>
      <file name="E:/N1/client/N1/Assets/Slua/SluaCode/Combat/BlogParsers.lua" timestamp="1545121484970">
        <mark key="'" line="184" column="12" />
        <mark key="[" line="675" column="25" />
        <mark key="]" line="675" column="43" />
        <mark key="^" line="675" column="43" />
        <mark key="." line="675" column="43" />
      </file>
      <file name="E:/TFW/trunk/client/TFW/Assets/Res/GameConfig/npc_gather.tsv" timestamp="1553666610559">
        <mark key="'" line="0" column="0" />
        <mark key="[" line="0" column="144" />
        <mark key="]" line="0" column="158" />
      </file>
      <file name="E:/TFW/trunk/client/TFW/Assets/LuaCode/UI/WndBase.lua" timestamp="1553583043065">
        <mark key="[" line="214" column="0" />
        <mark key="]" line="214" column="0" />
        <mark key="^" line="87" column="6" />
        <mark key="." line="214" column="0" />
      </file>
      <file name="E:/N1/client/N1/Assets/Slua/SluaCode/UI/HeroPropertyPanel.lua" timestamp="1544755339764">
        <mark key="'" line="284" column="19" />
        <mark key="[" line="198" column="19" />
        <mark key="]" line="198" column="36" />
        <mark key="^" line="198" column="47" />
        <mark key="." line="198" column="19" />
      </file>
      <file name="E:/TFW/trunk/client/TFW/Assets/LuaCode/Render/RMapEntityCity.lua" timestamp="1553668000570">
        <mark key="'" line="5" column="11" />
        <mark key="[" line="18" column="53" />
        <mark key="]" line="18" column="69" />
        <mark key="^" line="18" column="69" />
        <mark key="." line="18" column="69" />
      </file>
      <file name="E:/gdy/Assets/Framework/Script/Act/Lib/ActAreaEffect.cs" timestamp="1552639593511">
        <mark key="[" line="210" column="30" />
        <mark key="]" line="210" column="35" />
        <mark key="." line="210" column="35" />
        <mark key="^" line="210" column="35" />
      </file>
      <file name="E:/TileMapMaker/TileMapMaker/Assets/Script/Map/Editor/TileMapMakerEditor.cs" timestamp="1553493969053">
        <mark key="[" line="39" column="21" />
        <mark key="]" line="39" column="48" />
        <mark key="." line="39" column="48" />
        <mark key="^" line="39" column="48" />
      </file>
      <file name="E:/TFW/trunk/client/TFW/Assets/Framework/Script/Act/Lib/ActTrackEffect.cs" timestamp="1552549759829">
        <mark key="'" line="61" column="24" />
        <mark key="[" line="141" column="51" />
        <mark key="]" line="141" column="59" />
        <mark key="." line="141" column="59" />
        <mark key="^" line="141" column="59" />
      </file>
      <file name="E:/N1/client/N1/Assets/Slua/SluaCode/UI/Utils/HeroInfoPanel.lua" timestamp="1542194986162">
        <mark key="'" line="20" column="43" />
        <mark key="[" line="32" column="30" />
        <mark key="]" line="32" column="42" />
        <mark key="." line="32" column="42" />
        <mark key="^" line="32" column="42" />
      </file>
      <file name="E:/TileMapMaker/TileMapMaker/Assets/Script/Map/MapEditor/TileIndicator.cs" timestamp="1553503093866">
        <mark key="[" line="16" column="44" />
        <mark key="]" line="16" column="44" />
        <mark key="." line="16" column="44" />
        <mark key="^" line="16" column="43" />
      </file>
      <file name="E:/TFW/trunk/client/TFW/Assets/LuaCode/Render/RMarch.lua" timestamp="1552123016745">
        <mark key="'" line="122" column="8" />
        <mark key="[" line="122" column="8" />
        <mark key="]" line="122" column="9" />
        <mark key="." line="122" column="9" />
        <mark key="^" line="122" column="9" />
      </file>
      <file name="E:/N1/client/N1/Assets/Script/Utils/MeshRectBuilder.cs" timestamp="1544427221463">
        <mark key="'" line="128" column="8" />
        <mark key="[" line="88" column="4" />
        <mark key="]" line="88" column="8" />
        <mark key="." line="88" column="8" />
        <mark key="^" line="88" column="8" />
      </file>
      <file name="E:/TFW/trunk/client/TFW/Assets/LuaCode/LuaRoot.lua" timestamp="1552632131442">
        <mark key="'" line="40" column="27" />
        <mark key="[" line="67" column="21" />
        <mark key="]" line="68" column="30" />
        <mark key="^" line="68" column="30" />
        <mark key="." line="68" column="30" />
      </file>
      <file name="E:/TFW/trunk/client/TFW/Assets/Framework/Script/Act/ActMgrData.cs" timestamp="1552460980373">
        <mark key="'" line="13" column="32" />
        <mark key="[" line="222" column="91" />
        <mark key="]" line="223" column="28" />
        <mark key="." line="223" column="28" />
        <mark key="^" line="223" column="28" />
      </file>
      <file name="E:/TFW/trunk/client/TFW/Assets/LuaCode/UI/WndMapUI.lua" timestamp="1553679726129">
        <mark key="'" line="5" column="11" />
        <mark key="[" line="80" column="32" />
        <mark key="]" line="80" column="37" />
        <mark key="." line="80" column="37" />
        <mark key="^" line="80" column="37" />
      </file>
      <file name="E:/TFW/trunk/client/TFW/Assets/LuaCode/Render/RMap.lua" timestamp="1553758296784">
        <mark key="'" line="117" column="11" />
        <mark key="[" line="76" column="44" />
        <mark key="]" line="76" column="44" />
        <mark key="." line="76" column="44" />
        <mark key="^" line="76" column="56" />
      </file>
      <file name="E:/TFW/trunk/client/TFW/Assets/LuaCode/Render/EntityCity.lua" timestamp="1552718347188">
        <mark key="'" line="27" column="0" />
        <mark key="[" line="26" column="27" />
        <mark key="]" line="26" column="63" />
        <mark key="." line="26" column="63" />
        <mark key="^" line="26" column="63" />
      </file>
      <file name="E:/TFW/trunk/client/TFW/Assets/LuaCode/Logic/LBattleMgr.lua" timestamp="1552444401328">
        <mark key="'" line="0" column="0" />
        <mark key="[" line="4" column="4" />
        <mark key="]" line="4" column="5" />
        <mark key="^" line="4" column="5" />
        <mark key="." line="4" column="5" />
      </file>
      <file name="E:/TFW/trunk/client/TFW/Assets/LuaCode/Logic/LMapEntityMgr.lua" timestamp="1552125830351">
        <mark key="'" line="48" column="6" />
        <mark key="[" line="12" column="0" />
        <mark key="]" line="12" column="0" />
        <mark key="^" line="72" column="7" />
        <mark key="." line="12" column="0" />
      </file>
      <file name="E:/N1-0.2.99/client/N1/Assets/Res/Shader/WaterAll.shader" timestamp="1553754703477">
        <mark key="'" line="73" column="14" />
      </file>
      <file name="E:/N1/client/N1/Assets/Slua/SluaCode/Logic/LBattleReport.lua" timestamp="1545032713003">
        <mark key="'" line="871" column="8" />
        <mark key="[" line="855" column="23" />
        <mark key="]" line="856" column="25" />
        <mark key="." line="856" column="25" />
        <mark key="^" line="856" column="25" />
      </file>
      <file name="E:/N1/client/N1/Assets/Editor/Build/BuildIOSPlayer.cs" timestamp="1545199212011">
        <mark key="'" line="52" column="5" />
        <mark key="[" line="70" column="0" />
        <mark key="]" line="70" column="1" />
        <mark key="." line="70" column="1" />
        <mark key="^" line="70" column="1" />
      </file>
      <file name="E:/N1/client/N1/Assets/Editor/BattleEditor/ActEditor/ActTrackEffectEditor.cs" timestamp="1542337542617">
        <mark key="'" line="79" column="0" />
        <mark key="[" line="42" column="61" />
        <mark key="]" line="42" column="61" />
        <mark key="." line="42" column="61" />
        <mark key="^" line="42" column="61" />
      </file>
      <file name="E:/N1/client/N1/Assets/Editor/XLua/XLuaExport.cs" timestamp="1545101981164">
        <mark key="'" line="37" column="17" />
        <mark key="[" line="520" column="8" />
        <mark key="]" line="521" column="31" />
        <mark key="^" line="520" column="7" />
        <mark key="." line="520" column="8" />
      </file>
      <file name="E:/TFW/trunk/client/TFW/Assets/Framework/Script/Act/Editor/ActEditor/ActLuaFuncEditor.cs" timestamp="1552461942365">
        <mark key="[" line="8" column="10" />
        <mark key="]" line="8" column="23" />
        <mark key="." line="8" column="23" />
        <mark key="^" line="8" column="23" />
      </file>
      <file name="E:/TFW/trunk/client/TFW/Assets/LuaCode/Render/Formations.lua" timestamp="1552713358071">
        <mark key="'" line="6" column="0" />
        <mark key="[" line="34" column="0" />
        <mark key="]" line="35" column="7" />
        <mark key="." line="35" column="7" />
        <mark key="^" line="35" column="7" />
      </file>
      <file name="E:/TFW/trunk/client/TFW/Assets/Framework/Script/Act/Editor/BattleUtils.cs" timestamp="1552462363139">
        <mark key="[" line="269" column="68" />
        <mark key="]" line="269" column="74" />
        <mark key="^" line="269" column="74" />
        <mark key="." line="269" column="74" />
      </file>
      <file name="E:/TFW/trunk/client/TFW/Assets/Editor/XLua/XLuaExport.cs" timestamp="1553759310383">
        <mark key="'" line="131" column="22" />
        <mark key="[" line="14" column="0" />
        <mark key="]" line="14" column="0" />
        <mark key="^" line="122" column="25" />
        <mark key="." line="14" column="0" />
      </file>
      <file name="E:/N1/client/N1/Assets/Editor/BattleEditor/ActSetDataManagerEditor.cs" timestamp="1542790815045">
        <mark key="'" line="16" column="60" />
        <mark key="[" line="112" column="51" />
        <mark key="]" line="112" column="67" />
        <mark key="^" line="112" column="67" />
        <mark key="." line="112" column="67" />
      </file>
      <file name="E:/N1/client/N1/Assets/Slua/SluaCode/Logic/LCity.lua" timestamp="1544860733749">
        <mark key="'" line="112" column="5" />
        <mark key="[" line="338" column="60" />
        <mark key="]" line="338" column="64" />
        <mark key="^" line="338" column="64" />
        <mark key="." line="338" column="64" />
      </file>
      <file name="E:/TFW/trunk/client/TFW/Assets/LuaCode/Render/Entity/Unit.lua" timestamp="1552978329721">
        <mark key="[" line="31" column="8" />
        <mark key="]" line="31" column="10" />
        <mark key="^" line="31" column="10" />
        <mark key="." line="31" column="10" />
      </file>
      <file name="E:/TFW/trunk/client/TFW/Assets/Framework/Script/Map/API/MapAPI.cs" timestamp="1553756187950">
        <mark key="'" line="8" column="25" />
        <mark key="[" line="98" column="0" />
        <mark key="]" line="98" column="0" />
        <mark key="^" line="98" column="33" />
        <mark key="." line="98" column="0" />
      </file>
      <file name="E:/N1/client/N1/Assets/Slua/SluaCode/UI/Control/TroopFighterDescription.lua" timestamp="1543409549126">
        <mark key="'" line="11" column="59" />
        <mark key="[" line="26" column="9" />
        <mark key="]" line="26" column="31" />
        <mark key="." line="26" column="31" />
        <mark key="^" line="26" column="31" />
      </file>
      <file name="E:/TFW/trunk/client/TFW/Assets/Script/Act/ActorMgr.cs" timestamp="1551937762985">
        <mark key="'" line="105" column="18" />
        <mark key="[" line="13" column="0" />
        <mark key="]" line="15" column="18" />
        <mark key="." line="15" column="18" />
        <mark key="^" line="15" column="18" />
      </file>
      <file name="E:/TFW/trunk/client/TFW/Assets/LuaCode/Formula/FEntity.lua" timestamp="1553577580252">
        <mark key="'" line="118" column="2" />
        <mark key="[" line="9" column="9" />
        <mark key="]" line="9" column="15" />
        <mark key="^" line="9" column="15" />
        <mark key="." line="9" column="15" />
      </file>
      <file name="E:/TileMapMaker/TileMapMaker/Assets/Script/Utility/CommonUtils.cs" timestamp="1553482881531">
        <mark key="[" line="2" column="13" />
        <mark key="]" line="2" column="20" />
        <mark key="^" line="2" column="20" />
        <mark key="." line="2" column="20" />
      </file>
      <file name="E:/TFW/trunk/client/TFW/Assets/LuaCode/UI/Control/PlayerTroopPopup.lua" timestamp="1553653081159">
        <mark key="'" line="59" column="2" />
        <mark key="[" line="31" column="37" />
        <mark key="]" line="31" column="41" />
        <mark key="^" line="31" column="41" />
        <mark key="." line="31" column="41" />
      </file>
      <file name="E:/TileMapMaker/TileMapMaker/Assets/Script/Map/MapMgr.cs" timestamp="1553484551688">
        <mark key="[" line="1" column="11" />
        <mark key="]" line="1" column="17" />
        <mark key="." line="1" column="17" />
        <mark key="^" line="1" column="17" />
      </file>
      <file name="E:/TileMapMaker/TileMapMaker/Assets/Script/Map/MapEditor/TileMesh/TileMeshFactory.cs" timestamp="1553501340488">
        <mark key="'" line="14" column="12" />
        <mark key="[" line="0" column="0" />
        <mark key="]" line="0" column="0" />
        <mark key="." line="0" column="0" />
        <mark key="^" line="16" column="69" />
      </file>
      <file name="E:/TileMapMaker/TileMapMaker/Assets/Script/Map/Object/MapLayerData.cs" timestamp="1553743587271">
        <mark key="[" line="3" column="29" />
        <mark key="]" line="3" column="47" />
        <mark key="^" line="3" column="47" />
        <mark key="." line="3" column="47" />
      </file>
      <file name="E:/TileMapMaker/TileMapMaker/Assets/Script/Map/Object/MapSprite.cs" timestamp="1553509047437">
        <mark key="'" line="12" column="43" />
        <mark key="[" line="22" column="0" />
        <mark key="]" line="22" column="0" />
        <mark key="^" line="24" column="30" />
        <mark key="." line="22" column="0" />
      </file>
      <file name="E:/TFW/trunk/client/TFW/Assets/LuaCode/UI/WndTroopCreate.lua" timestamp="1553655882856">
        <mark key="'" line="6" column="0" />
        <mark key="[" line="103" column="0" />
        <mark key="]" line="103" column="0" />
        <mark key="^" line="5" column="34" />
        <mark key="." line="103" column="0" />
      </file>
      <file name="E:/TileMapMaker/TileMapMaker/Assets/Script/Map/MapEditor/TileMeshCreator/TileMeshCreator.cs" timestamp="1553500658830">
        <mark key="[" line="4" column="40" />
        <mark key="]" line="4" column="72" />
        <mark key="." line="4" column="72" />
        <mark key="^" line="4" column="72" />
      </file>
      <file name="E:/TFW/trunk/client/TFW/Assets/LuaCode/Logic/LUnitConf.lua" timestamp="1553245227223">
        <mark key="[" line="23" column="67" />
        <mark key="]" line="24" column="14" />
        <mark key="." line="24" column="14" />
        <mark key="^" line="24" column="14" />
      </file>
      <file name="E:/TFW/trunk/client/TFW/Assets/LuaCode/UI/WndNPCPopup.lua" timestamp="1553678188181">
        <mark key="[" line="20" column="83" />
        <mark key="]" line="20" column="88" />
        <mark key="^" line="20" column="88" />
        <mark key="." line="20" column="88" />
      </file>
      <file name="E:/TFW/trunk/client/TFW/Assets/LuaCode/UI/WndCoordinate.lua" timestamp="1553237431241">
        <mark key="'" line="22" column="9" />
        <mark key="[" line="4" column="0" />
        <mark key="]" line="5" column="33" />
        <mark key="." line="5" column="33" />
        <mark key="^" line="5" column="33" />
      </file>
      <file name="E:/TFW/trunk/client/TFW/Assets/Framework/Script/Act/Editor/ActEditor/ActLinkEffectEditor.cs" timestamp="1552461923516">
        <mark key="'" line="61" column="4" />
        <mark key="[" line="5" column="0" />
        <mark key="]" line="5" column="0" />
        <mark key="." line="5" column="0" />
        <mark key="^" line="9" column="23" />
      </file>
      <file name="E:/N1/client/N1/Assets/Slua/SluaCode/Test/NTBattle.lua" timestamp="1542786230877">
        <mark key="'" line="189" column="22" />
        <mark key="[" line="189" column="0" />
        <mark key="]" line="189" column="64" />
        <mark key="." line="197" column="46" />
        <mark key="^" line="197" column="46" />
      </file>
      <file name="E:/TileMapMaker/TileMapMaker/Assets/Script/Map/MapEditor/TileMapMakerSceneEditor.cs" timestamp="1553750818050">
        <mark key="[" line="25" column="0" />
        <mark key="]" line="25" column="0" />
        <mark key="." line="25" column="0" />
        <mark key="^" line="25" column="15" />
      </file>
      <file name="E:/TileMapMaker/TileMapMaker/Assets/Script/Map/Object/MapLayerView.cs" timestamp="1553744005930">
        <mark key="[" line="12" column="0" />
        <mark key="]" line="12" column="0" />
        <mark key="." line="12" column="0" />
      </file>
      <file name="E:/TFW/trunk/client/TFW/Assets/LuaCode/Formula/FMap.lua" timestamp="1552112531264">
        <mark key="'" line="613" column="19" />
        <mark key="[" line="705" column="36" />
        <mark key="]" line="705" column="59" />
        <mark key="." line="705" column="59" />
        <mark key="^" line="705" column="59" />
      </file>
      <file name="E:/TileMapMaker/TileMapMaker/Assets/Script/TileMapManager.cs" timestamp="1553505986183">
        <mark key="[" line="24" column="12" />
        <mark key="]" line="28" column="12" />
        <mark key="." line="51" column="0" />
        <mark key="^" line="42" column="27" />
      </file>
      <file name="E:/gdy/Assets/Framework/Script/Act/Lib/ActLinkEffect.cs" timestamp="1552639655470">
        <mark key="[" line="118" column="39" />
        <mark key="]" line="118" column="44" />
        <mark key="." line="118" column="44" />
        <mark key="^" line="118" column="44" />
      </file>
      <file name="E:/TFW/trunk/client/TFW/Assets/LuaCode/Logic/LMapEntityCity.lua" timestamp="1553668742147">
        <mark key="'" line="91" column="0" />
        <mark key="[" line="21" column="0" />
        <mark key="]" line="21" column="0" />
        <mark key="^" line="72" column="55" />
        <mark key="." line="21" column="0" />
      </file>
      <file name="E:/TileMapMaker/TileMapMaker/Assets/Script/Map/MapLayer.cs" timestamp="1553484167697">
        <mark key="[" line="6" column="27" />
        <mark key="]" line="6" column="27" />
        <mark key="." line="6" column="27" />
        <mark key="^" line="6" column="27" />
      </file>
      <file name="E:/TFW/trunk/client/TFW/Assets/LuaCode/Render/RMapEntityResource.lua" timestamp="1553669384746">
        <mark key="'" line="5" column="11" />
        <mark key="[" line="11" column="56" />
        <mark key="]" line="11" column="57" />
        <mark key="." line="11" column="57" />
        <mark key="^" line="11" column="57" />
      </file>
      <file name="E:/N1/client/N1/Assets/Slua/SluaCode/UI/Control/HeroHeader.lua" timestamp="1544854327385">
        <mark key="'" line="82" column="0" />
        <mark key="[" line="159" column="52" />
        <mark key="]" line="159" column="52" />
        <mark key="." line="159" column="52" />
        <mark key="^" line="159" column="52" />
      </file>
      <file name="E:/TFW/trunk/client/TFW/Assets/LuaCode/UI/Control/PlayerTroopListItem.lua" timestamp="1553672491835">
        <mark key="'" line="47" column="29" />
        <mark key="[" line="37" column="38" />
        <mark key="]" line="37" column="38" />
        <mark key="^" line="37" column="38" />
        <mark key="." line="37" column="38" />
      </file>
      <file name="E:/TileMapMaker/TileMapMaker/Assets/Script/Map/Object/MapObject.cs" timestamp="1553508738133">
        <mark key="[" line="21" column="37" />
        <mark key="]" line="21" column="37" />
        <mark key="." line="21" column="37" />
        <mark key="^" line="21" column="37" />
      </file>
      <file name="E:/N1/client/N1/Assets/Slua/SluaCode/UI/WndTroopConfiguration.lua" timestamp="1544859408618">
        <mark key="'" line="239" column="53" />
        <mark key="[" line="126" column="46" />
        <mark key="]" line="127" column="41" />
        <mark key="^" line="127" column="41" />
        <mark key="." line="127" column="41" />
      </file>
      <file name="E:/TFW/trunk/client/TFW/Assets/LuaCode/TFW/Utils/EventMgr.lua" timestamp="1553671075255">
        <mark key="'" line="177" column="9" />
        <mark key="[" line="60" column="17" />
        <mark key="]" line="60" column="23" />
        <mark key="." line="60" column="23" />
        <mark key="^" line="60" column="23" />
      </file>
      <file name="E:/TFW/trunk/client/TFW/Assets/LuaCode/TFW/Utils/FrameUpdateMgr.lua" timestamp="1552631950039">
        <mark key="'" line="30" column="22" />
        <mark key="[" line="90" column="4" />
        <mark key="]" line="90" column="5" />
        <mark key="." line="90" column="5" />
        <mark key="^" line="90" column="5" />
      </file>
      <file name="E:/TFW/trunk/client/TFW/Assets/Framework/Script/Common/TrackMgr.cs" timestamp="1552549849703">
        <mark key="[" line="45" column="26" />
        <mark key="]" line="45" column="31" />
        <mark key="." line="45" column="31" />
        <mark key="^" line="45" column="31" />
      </file>
      <file name="E:/gdy/Assets/Framework/Script/Debug/TDBOutputer/TDBOutput/TDBOutputToWinShell/LuaShellConsole.cs" timestamp="1552639194011">
        <mark key="[" line="25" column="19" />
        <mark key="]" line="25" column="19" />
        <mark key="." line="25" column="19" />
        <mark key="^" line="25" column="19" />
      </file>
      <file name="E:/N1/client/N1/Assets/Slua/SluaCode/UI/WndTroopDetail.lua" timestamp="1544856559475">
        <mark key="'" line="0" column="0" />
        <mark key="[" line="131" column="49" />
        <mark key="]" line="131" column="69" />
        <mark key="^" line="131" column="69" />
        <mark key="." line="131" column="69" />
      </file>
      <file name="E:/N1/client/N1/Assets/Slua/SluaCode/Formula/FActLuaFuncs.lua" timestamp="1545123689887">
        <mark key="'" line="152" column="4" />
        <mark key="[" line="5" column="2" />
        <mark key="]" line="5" column="2" />
        <mark key="^" line="5" column="2" />
        <mark key="." line="5" column="2" />
      </file>
      <file name="E:/TFW/trunk/client/TFW/Assets/Res/Protobuf/req.proto" timestamp="1553678727912">
        <mark key="[" line="58" column="38" />
        <mark key="]" line="58" column="38" />
        <mark key="." line="58" column="38" />
        <mark key="^" line="58" column="38" />
      </file>
      <file name="E:/TFW/trunk/client/TFW/Assets/LuaCode/Logic/LUnitDataMgr.lua" timestamp="1553149749820">
        <mark key="'" line="9" column="9" />
        <mark key="[" line="37" column="36" />
        <mark key="]" line="38" column="49" />
        <mark key="." line="38" column="49" />
        <mark key="^" line="38" column="49" />
      </file>
      <file name="E:/TFW/trunk/client/TFW/Assets/Misc/performance.md" timestamp="1552717449525">
        <mark key="[" line="8" column="33" />
        <mark key="]" line="8" column="33" />
        <mark key="^" line="7" column="32" />
        <mark key="." line="8" column="33" />
      </file>
      <file name="E:/N1/client/N1/Assets/Script/UI/RadarChart.cs" timestamp="1542768380130">
        <mark key="'" line="135" column="0" />
        <mark key="[" line="135" column="0" />
        <mark key="]" line="135" column="0" />
        <mark key="^" line="118" column="66" />
        <mark key="." line="135" column="0" />
      </file>
      <file name="E:/TFW/trunk/client/TFW/Assets/Framework/Script/MapLayer/Camera/MapCameraMgr.cs" timestamp="1553758144380">
        <mark key="'" line="73" column="27" />
        <mark key="[" line="73" column="27" />
        <mark key="]" line="73" column="44" />
      </file>
      <file name="E:/TFW/trunk/client/TFW/Assets/LuaCode/Logic/LMapEntity.lua" timestamp="1553677016242">
        <mark key="'" line="359" column="0" />
        <mark key="[" line="12" column="0" />
        <mark key="]" line="12" column="0" />
        <mark key="^" line="326" column="29" />
        <mark key="." line="12" column="0" />
      </file>
      <file name="E:/N1/client/N1/Assets/Res/Combat/Data/model_config.xml" timestamp="1544523804935">
        <mark key="'" line="0" column="0" />
        <mark key="[" line="406" column="35" />
        <mark key="]" line="406" column="42" />
        <mark key="^" line="402" column="33" />
        <mark key="." line="406" column="35" />
      </file>
      <file name="E:/TileMapMaker/TileMapMaker/Assets/Script/Map/IUniqueObj.cs" timestamp="1553484153670">
        <mark key="[" line="2" column="8" />
        <mark key="]" line="2" column="8" />
        <mark key="." line="2" column="8" />
        <mark key="^" line="2" column="8" />
      </file>
      <file name="E:/N1/client/N1/Assets/Slua/SluaCode/UI/WndHeroDetail.lua" timestamp="1544605433151">
        <mark key="'" line="273" column="93" />
        <mark key="[" line="22" column="25" />
        <mark key="]" line="22" column="31" />
        <mark key="^" line="122" column="23" />
        <mark key="." line="123" column="0" />
      </file>
      <file name="E:/TFW/trunk/client/TFW/Assets/LuaCode/Render/Entity.lua" timestamp="1552963813974">
        <mark key="[" line="3" column="4" />
        <mark key="]" line="3" column="12" />
        <mark key="." line="3" column="12" />
        <mark key="^" line="3" column="12" />
      </file>
      <file name="E:/TFW/trunk/client/TFW/Assets/LuaCode/UI/WndMgr.lua" timestamp="1553740372794">
        <mark key="'" line="0" column="0" />
        <mark key="[" line="18" column="0" />
        <mark key="]" line="18" column="0" />
        <mark key="^" line="23" column="20" />
        <mark key="." line="18" column="0" />
      </file>
      <file name="E:/N1/client/N1/Assets/Slua/SluaCode/UI/WndCombat.lua" timestamp="1545200645298">
        <mark key="'" line="95" column="4" />
        <mark key="[" line="439" column="54" />
        <mark key="]" line="439" column="60" />
        <mark key="." line="439" column="60" />
        <mark key="^" line="439" column="60" />
      </file>
      <file name="E:/N1/client/N1/Assets/Slua/SluaCode/UI/WndMgr.lua" timestamp="1544084524849">
        <mark key="'" line="116" column="0" />
        <mark key="[" line="324" column="4" />
        <mark key="]" line="325" column="16" />
        <mark key="." line="325" column="16" />
        <mark key="^" line="325" column="16" />
      </file>
      <file name="E:/TFW/trunk/client/TFW/Assets/LuaCode/UI/WndWorld.lua" timestamp="1553756064529">
        <mark key="'" line="60" column="16" />
        <mark key="[" line="44" column="11" />
        <mark key="]" line="44" column="14" />
        <mark key="." line="44" column="14" />
        <mark key="^" line="44" column="14" />
      </file>
      <file name="E:/N1/client/N1/Assets/Script/Combat/CombatRectMgr.cs" timestamp="1543572455253">
        <mark key="'" line="348" column="22" />
        <mark key="[" line="120" column="0" />
        <mark key="]" line="120" column="0" />
        <mark key="." line="120" column="0" />
        <mark key="^" line="501" column="24" />
      </file>
      <file name="E:/TFW/trunk/client/TFW/Assets/Res/Protobuf/struct.proto" timestamp="1553675726134">
        <mark key="'" line="0" column="0" />
        <mark key="[" line="254" column="1" />
        <mark key="]" line="259" column="0" />
        <mark key="." line="259" column="0" />
        <mark key="^" line="259" column="0" />
      </file>
      <file name="E:/N1/client/N1/Assets/Script/Manager/GameObjectPool.cs" timestamp="1541661148483">
        <mark key="'" line="99" column="12" />
        <mark key="[" line="159" column="86" />
        <mark key="]" line="159" column="89" />
        <mark key="." line="159" column="89" />
        <mark key="^" line="159" column="89" />
      </file>
      <file name="E:/TFW/trunk/client/TFW/Tools/IOS/build_ios.sh" timestamp="1552545358940">
        <mark key="[" line="9" column="116" />
        <mark key="]" line="11" column="11" />
        <mark key="^" line="11" column="11" />
        <mark key="." line="11" column="11" />
      </file>
      <file name="E:/TFW/trunk/client/TFW/Assets/Framework/Script/Map/Map/Controller/WorldMapDrag.cs" timestamp="1552628685071">
        <mark key="[" line="44" column="57" />
        <mark key="]" line="44" column="57" />
        <mark key="^" line="43" column="17" />
        <mark key="." line="44" column="57" />
      </file>
      <file name="E:/TFW/trunk/client/TFW/Assets/LuaCode/Logic/LMarch.lua" timestamp="1552113615532">
        <mark key="'" line="185" column="2" />
        <mark key="[" line="42" column="43" />
        <mark key="]" line="42" column="52" />
        <mark key="." line="42" column="52" />
        <mark key="^" line="42" column="52" />
      </file>
      <file name="E:/TileMapMaker/TileMapMaker/Assets/Script/Map/MapData.cs" timestamp="1553743601689">
        <mark key="'" line="135" column="0" />
        <mark key="[" line="21" column="27" />
        <mark key="]" line="21" column="27" />
        <mark key="^" line="21" column="52" />
        <mark key="." line="21" column="27" />
      </file>
      <file name="E:/TFW/trunk/client/TFW/Assets/LuaCode/Logic/LBattle.lua" timestamp="1553679587903">
        <mark key="'" line="5" column="11" />
        <mark key="[" line="26" column="19" />
        <mark key="]" line="27" column="20" />
        <mark key="^" line="27" column="20" />
        <mark key="." line="27" column="20" />
      </file>
      <file name="E:/N1/client/N1/Assets/Script/Utils/DelayShow.cs" timestamp="1542788790231">
        <mark key="'" line="37" column="0" />
        <mark key="[" line="15" column="4" />
        <mark key="]" line="15" column="9" />
        <mark key="." line="15" column="9" />
        <mark key="^" line="15" column="9" />
      </file>
      <file name="E:/TFW/trunk/client/TFW/Assets/Framework/Script/Mgr/XLuaMgr.cs" timestamp="1552630040698">
        <mark key="'" line="17" column="24" />
        <mark key="[" line="31" column="0" />
        <mark key="]" line="31" column="0" />
        <mark key="^" line="26" column="13" />
        <mark key="." line="31" column="0" />
      </file>
      <file name="E:/N1/client/N1/Assets/Script/Utils/MixedValue.cs" timestamp="1542336030698">
        <mark key="'" line="15" column="21" />
        <mark key="[" line="465" column="12" />
        <mark key="]" line="465" column="54" />
        <mark key="^" line="465" column="54" />
        <mark key="." line="465" column="54" />
      </file>
      <file name="E:/N1/client/N1/Assets/Slua/SluaCode/Logic/LGameInit.lua" timestamp="1544580115818">
        <mark key="'" line="84" column="31" />
        <mark key="[" line="115" column="23" />
        <mark key="]" line="115" column="24" />
        <mark key="." line="115" column="24" />
        <mark key="^" line="115" column="24" />
      </file>
      <file name="E:/N1/client/N1/Assets/Slua/SluaCode/Formula/FHero.lua" timestamp="1545030281140">
        <mark key="'" line="0" column="0" />
        <mark key="[" line="230" column="26" />
        <mark key="]" line="230" column="35" />
        <mark key="^" line="230" column="35" />
        <mark key="." line="230" column="35" />
      </file>
      <file name="E:/TileMapMaker/TileMapMaker/Assets/Script/Map/Map.md" timestamp="1553482143412">
        <mark key="[" line="0" column="0" />
        <mark key="]" line="0" column="4" />
        <mark key="^" line="0" column="4" />
        <mark key="." line="0" column="4" />
      </file>
      <file name="E:/TFW/trunk/client/TFW/Assets/LuaCode/Render/MovingState.lua" timestamp="1553569533905">
        <mark key="'" line="134" column="2" />
        <mark key="[" line="113" column="7" />
        <mark key="]" line="114" column="23" />
        <mark key="." line="114" column="23" />
        <mark key="^" line="114" column="23" />
      </file>
      <file name="E:/TFW/trunk/client/TFW/Assets/LuaCode/Render/RMarchLine.lua" timestamp="1553581528881">
        <mark key="'" line="151" column="8" />
        <mark key="[" line="184" column="8" />
        <mark key="]" line="184" column="14" />
        <mark key="^" line="184" column="14" />
        <mark key="." line="184" column="14" />
      </file>
      <file name="E:/TFW/trunk/client/TFW/Assets/LuaCode/Render/RMapEntityNpcTroop.lua" timestamp="1553667132540">
        <mark key="'" line="27" column="44" />
        <mark key="[" line="58" column="88" />
        <mark key="]" line="58" column="105" />
        <mark key="." line="58" column="105" />
        <mark key="^" line="58" column="105" />
      </file>
      <file name="E:/TFW/trunk/client/TFW/Assets/LuaCode/Render/RMapEntityTroop.lua" timestamp="1553667631810">
        <mark key="'" line="13" column="8" />
        <mark key="[" line="80" column="67" />
        <mark key="]" line="80" column="84" />
        <mark key="." line="80" column="84" />
        <mark key="^" line="80" column="84" />
      </file>
      <file name="E:/TFW/trunk/client/TFW/Assets/Framework/Script/Act/ActorMgr.cs" timestamp="1552977284461">
        <mark key="'" line="10" column="24" />
        <mark key="[" line="76" column="26" />
        <mark key="]" line="76" column="31" />
        <mark key="^" line="76" column="31" />
        <mark key="." line="76" column="31" />
      </file>
      <file name="E:/TFW/trunk/client/TFW/Assets/LuaCode/Logic/LMapEntityResource.lua" timestamp="1553669376972">
        <mark key="'" line="27" column="2" />
        <mark key="[" line="47" column="0" />
        <mark key="]" line="47" column="0" />
        <mark key="^" line="46" column="51" />
        <mark key="." line="47" column="0" />
      </file>
      <file name="E:/N1/client/N1/Assets/Slua/SluaCode/UI/Control/StateBar.lua" timestamp="1545036948941">
        <mark key="'" line="96" column="9" />
        <mark key="[" line="5" column="52" />
        <mark key="]" line="5" column="52" />
        <mark key="." line="5" column="52" />
        <mark key="^" line="5" column="52" />
      </file>
      <file name="E:/TileMapMaker/TileMapMaker/Assets/Script/Map/Object/MapLayer.cs" timestamp="1553743506376">
        <mark key="[" line="6" column="63" />
        <mark key="]" line="7" column="28" />
        <mark key="." line="7" column="28" />
        <mark key="^" line="7" column="28" />
      </file>
      <file name="E:/TFW/trunk/client/TFW/Assets/LuaCode/Logic/FakeBattleServer.lua" timestamp="1552459345242">
        <mark key="'" line="38" column="0" />
        <mark key="[" line="175" column="44" />
        <mark key="]" line="175" column="73" />
        <mark key="." line="175" column="73" />
        <mark key="^" line="175" column="73" />
      </file>
      <file name="E:/N1/client/N1/Assets/Editor/BattleEditor/BattleEditorManager.cs" timestamp="1542093614565">
        <mark key="'" line="26" column="23" />
        <mark key="[" line="156" column="71" />
        <mark key="]" line="156" column="71" />
        <mark key="." line="156" column="71" />
        <mark key="^" line="156" column="71" />
      </file>
      <file name="E:/TFW/trunk/client/TFW/Assets/LuaCode/Formula/FAccount.lua" timestamp="1553756513387">
        <mark key="[" line="15" column="8" />
        <mark key="]" line="15" column="8" />
        <mark key="." line="15" column="8" />
        <mark key="^" line="17" column="31" />
      </file>
      <file name="E:/N1/client/N1/Assets/Slua/SluaCode/UI/Control/TroopFighterStateBar.lua" timestamp="1544767144138">
        <mark key="'" line="0" column="0" />
        <mark key="[" line="27" column="49" />
        <mark key="]" line="27" column="68" />
        <mark key="." line="27" column="68" />
        <mark key="^" line="27" column="68" />
      </file>
      <file name="E:/TileMapMaker/TileMapMaker/Assets/Script/Utility/HexagonalUtils.cs" timestamp="1553500999701">
        <mark key="[" line="6" column="13" />
        <mark key="]" line="6" column="20" />
        <mark key="." line="6" column="20" />
        <mark key="^" line="6" column="20" />
      </file>
      <file name="E:/N1/client/N1/Assets/Script/Combat/ActFocus.cs" timestamp="1542349485685">
        <mark key="'" line="26" column="8" />
        <mark key="[" line="40" column="50" />
        <mark key="]" line="40" column="62" />
        <mark key="^" line="40" column="62" />
        <mark key="." line="40" column="62" />
      </file>
      <file name="E:/N1/client/N1/Assets/Slua/SluaCode/UI/Control/HeroListScrollItem.lua" timestamp="1544618516351">
        <mark key="'" line="63" column="17" />
        <mark key="[" line="1" column="19" />
        <mark key="]" line="1" column="19" />
        <mark key="^" line="2" column="20" />
        <mark key="." line="1" column="19" />
      </file>
      <file name="E:/TileMapMaker/TileMapMaker/Assets/Script/Map/MapView.cs" timestamp="1553508948898">
        <mark key="'" line="29" column="45" />
        <mark key="[" line="73" column="36" />
        <mark key="]" line="73" column="45" />
        <mark key="^" line="73" column="45" />
        <mark key="." line="73" column="45" />
      </file>
    </filemarks>
    <jumps>
      <jump line="52" column="23" filename="E:/TFW/trunk/client/TFW/Assets/LuaCode/Logic/LMapEntity.lua" />
      <jump line="55" column="8" filename="E:/TFW/trunk/client/TFW/Assets/LuaCode/Render/RMapEntityNpcTroop.lua" />
      <jump line="151" column="8" filename="E:/TFW/trunk/client/TFW/Assets/LuaCode/Render/RMarchLine.lua" />
      <jump line="148" column="39" filename="E:/TFW/trunk/client/TFW/Assets/LuaCode/UI/WndWorld.lua" />
      <jump line="222" column="15" filename="E:/TFW/trunk/client/TFW/Assets/LuaCode/UI/WndWorld.lua" />
      <jump line="5" column="11" filename="E:/TFW/trunk/client/TFW/Assets/LuaCode/Render/RMapEntityNpcTroop.lua" />
      <jump line="207" column="42" filename="E:/TFW/trunk/client/TFW/Assets/LuaCode/Render/RMapEntityNpcTroop.lua" />
      <jump line="27" column="44" filename="E:/TFW/trunk/client/TFW/Assets/LuaCode/Render/RMapEntityNpcTroop.lua" />
      <jump line="13" column="8" filename="E:/TFW/trunk/client/TFW/Assets/LuaCode/Render/RMapEntityTroop.lua" />
      <jump line="223" column="13" filename="E:/TFW/trunk/client/TFW/Assets/LuaCode/UI/WndBase.lua" />
      <jump line="314" column="17" filename="E:/TFW/trunk/client/TFW/Assets/LuaCode/UI/WndBase.lua" />
      <jump line="87" column="12" filename="E:/TFW/trunk/client/TFW/Assets/LuaCode/UI/WndBase.lua" />
      <jump line="217" column="17" filename="E:/TFW/trunk/client/TFW/Assets/LuaCode/UI/WndBase.lua" />
      <jump line="14" column="9" filename="E:/TFW/trunk/client/TFW/Assets/LuaCode/UI/WndMapUI.lua" />
      <jump line="37" column="28" filename="E:/TFW/trunk/client/TFW/Assets/LuaCode/UI/WndMapUI.lua" />
      <jump line="60" column="30" filename="E:/TFW/trunk/client/TFW/Assets/LuaCode/UI/WndMapUI.lua" />
      <jump line="15" column="9" filename="E:/TFW/trunk/client/TFW/Assets/LuaCode/UI/WndMapUI.lua" />
      <jump line="40" column="9" filename="E:/TFW/trunk/client/TFW/Assets/LuaCode/UI/WndMapUI.lua" />
      <jump line="4" column="11" filename="E:/TFW/trunk/client/TFW/Assets/LuaCode/UI/WndWorld.lua" />
      <jump line="127" column="7" filename="E:/TFW/trunk/client/TFW/Assets/Script/Map/Comp/MarchLine.cs" />
      <jump line="129" column="0" filename="E:/TFW/trunk/client/TFW/Assets/Script/Map/Comp/MarchLine.cs" />
      <jump line="71" column="8" filename="E:/TFW/trunk/client/TFW/Assets/Res/Protobuf/struct.proto" />
      <jump line="56" column="0" filename="E:/TFW/trunk/client/TFW/Assets/Res/Protobuf/struct.proto" />
      <jump line="60" column="27" filename="E:/TFW/trunk/client/TFW/Assets/Res/Protobuf/struct.proto" />
      <jump line="83" column="15" filename="E:/TFW/trunk/client/TFW/Assets/LuaCode/Logic/LMapEntity.lua" />
      <jump line="87" column="24" filename="E:/TFW/trunk/client/TFW/Assets/LuaCode/Logic/LMapEntity.lua" />
      <jump line="89" column="23" filename="E:/TFW/trunk/client/TFW/Assets/LuaCode/Logic/LMapEntity.lua" />
      <jump line="91" column="27" filename="E:/TFW/trunk/client/TFW/Assets/LuaCode/Logic/LMapEntity.lua" />
      <jump line="93" column="27" filename="E:/TFW/trunk/client/TFW/Assets/LuaCode/Logic/LMapEntity.lua" />
      <jump line="102" column="4" filename="E:/TFW/trunk/client/TFW/Assets/LuaCode/Logic/LMapEntity.lua" />
      <jump line="116" column="8" filename="E:/TFW/trunk/client/TFW/Assets/LuaCode/Logic/LMapEntity.lua" />
      <jump line="170" column="8" filename="E:/TFW/trunk/client/TFW/Assets/LuaCode/Logic/LMapEntity.lua" />
      <jump line="51" column="8" filename="E:/TFW/trunk/client/TFW/Assets/Res/Protobuf/struct.proto" />
      <jump line="130" column="23" filename="E:/TFW/trunk/client/TFW/Assets/LuaCode/Render/EntityFactory.lua" />
      <jump line="273" column="3" filename="E:/TFW/trunk/client/TFW/Assets/LuaCode/Render/EntityFactory.lua" />
      <jump line="383" column="2" filename="E:/TFW/trunk/client/TFW/Assets/LuaCode/Logic/LLogin.lua" />
      <jump line="30" column="0" filename="E:/TFW/trunk/client/TFW/Assets/Res/GameConfig/soldier.tsv" />
      <jump line="52" column="0" filename="E:/TFW/trunk/client/TFW/Assets/Res/GameConfig/soldier.tsv" />
      <jump line="46" column="4" filename="E:/TFW/trunk/client/TFW/Assets/LuaCode/UI/WndWorld.lua" />
      <jump line="48" column="8" filename="E:/TFW/trunk/client/TFW/Assets/LuaCode/UI/WndWorld.lua" />
      <jump line="55" column="19" filename="E:/TFW/trunk/client/TFW/Assets/LuaCode/UI/WndWorld.lua" />
      <jump line="6" column="0" filename="E:/TFW/trunk/client/TFW/Assets/LuaCode/UI/WndTroopCreate.lua" />
      <jump line="25" column="40" filename="E:/TFW/trunk/client/TFW/Assets/LuaCode/Logic/LMapEntityCity.lua" />
      <jump line="110" column="0" filename="E:/TFW/trunk/client/TFW/Assets/LuaCode/Logic/LMapEntityCity.lua" />
      <jump line="85" column="9" filename="E:/TFW/trunk/client/TFW/Assets/LuaCode/Logic/LMapEntityResource.lua" />
      <jump line="27" column="2" filename="E:/TFW/trunk/client/TFW/Assets/LuaCode/Logic/LMapEntityResource.lua" />
      <jump line="0" column="0" filename="E:/TFW/trunk/client/TFW/Assets/Res/GameConfig/npc_gather.tsv" />
      <jump line="0" column="30" filename="E:/TFW/trunk/client/TFW/Assets/Res/GameConfig/npc_troop.tsv" />
      <jump line="109" column="14" filename="E:/TFW/trunk/client/TFW/Assets/LuaCode/Logic/LMapEntityNpcTroop.lua" />
      <jump line="165" column="2" filename="E:/TFW/trunk/client/TFW/Assets/LuaCode/Logic/LMapEntity.lua" />
      <jump line="380" column="0" filename="E:/TFW/trunk/client/TFW/Assets/LuaCode/Logic/LMapEntity.lua" />
      <jump line="136" column="26" filename="E:/TFW/trunk/client/TFW/Assets/LuaCode/Logic/LMapEntityNpcTroop.lua" />
      <jump line="331" column="3" filename="E:/TFW/trunk/client/TFW/Assets/LuaCode/Logic/LMapEntity.lua" />
      <jump line="361" column="0" filename="E:/TFW/trunk/client/TFW/Assets/LuaCode/Logic/LMapEntity.lua" />
      <jump line="5" column="11" filename="E:/TFW/trunk/client/TFW/Assets/LuaCode/Render/RMapEntityResource.lua" />
      <jump line="67" column="37" filename="E:/TFW/trunk/client/TFW/Assets/LuaCode/Logic/LMapEntityTroop.lua" />
      <jump line="198" column="9" filename="E:/TFW/trunk/client/TFW/Assets/LuaCode/Logic/LMapEntityTroop.lua" />
      <jump line="224" column="25" filename="E:/TFW/trunk/client/TFW/Assets/LuaCode/Logic/LMapEntityTroop.lua" />
      <jump line="28" column="4" filename="E:/TFW/trunk/client/TFW/Assets/LuaCode/Logic/LMapEntityTroop.lua" />
      <jump line="77" column="0" filename="E:/TFW/trunk/client/TFW/Assets/LuaCode/Logic/LMapEntityTroop.lua" />
      <jump line="5" column="11" filename="E:/TFW/trunk/client/TFW/Assets/LuaCode/Logic/LMapEntityTroop.lua" />
      <jump line="266" column="76" filename="E:/TFW/trunk/client/TFW/Assets/LuaCode/Render/EntityFactory.lua" />
      <jump line="60" column="26" filename="E:/TFW/trunk/client/TFW/Assets/LuaCode/Logic/LMapEntityTroop.lua" />
      <jump line="66" column="63" filename="E:/TFW/trunk/client/TFW/Assets/LuaCode/Logic/LMapEntityTroop.lua" />
      <jump line="6" column="0" filename="E:/TFW/trunk/client/TFW/Assets/LuaCode/UI/WndWorld.lua" />
      <jump line="133" column="4" filename="E:/TFW/trunk/client/TFW/Assets/LuaCode/UI/WndWorld.lua" />
      <jump line="69" column="38" filename="E:/TFW/trunk/client/TFW/Assets/LuaCode/Logic/LMapEntityTroop.lua" />
      <jump line="85" column="36" filename="E:/TFW/trunk/client/TFW/Assets/Res/Protobuf/struct.proto" />
      <jump line="0" column="0" filename="E:/TFW/trunk/client/TFW/Assets/Res/Protobuf/struct.proto" />
      <jump line="43" column="24" filename="E:/TFW/trunk/client/TFW/Assets/LuaCode/Render/BlogHandlers.lua" />
      <jump line="73" column="6" filename="E:/TFW/trunk/client/TFW/Assets/LuaCode/TFW/Net/MessageMgr.lua" />
      <jump line="137" column="15" filename="E:/TFW/trunk/client/TFW/Assets/LuaCode/Logic/FakeServer.lua" />
      <jump line="143" column="15" filename="E:/TFW/trunk/client/TFW/Assets/LuaCode/Logic/FakeServer.lua" />
      <jump line="153" column="15" filename="E:/TFW/trunk/client/TFW/Assets/LuaCode/Logic/FakeServer.lua" />
      <jump line="159" column="15" filename="E:/TFW/trunk/client/TFW/Assets/LuaCode/Logic/FakeServer.lua" />
      <jump line="166" column="15" filename="E:/TFW/trunk/client/TFW/Assets/LuaCode/Logic/FakeServer.lua" />
      <jump line="175" column="15" filename="E:/TFW/trunk/client/TFW/Assets/LuaCode/Logic/FakeServer.lua" />
      <jump line="181" column="15" filename="E:/TFW/trunk/client/TFW/Assets/LuaCode/Logic/FakeServer.lua" />
      <jump line="191" column="15" filename="E:/TFW/trunk/client/TFW/Assets/LuaCode/Logic/FakeServer.lua" />
      <jump line="197" column="15" filename="E:/TFW/trunk/client/TFW/Assets/LuaCode/Logic/FakeServer.lua" />
      <jump line="207" column="15" filename="E:/TFW/trunk/client/TFW/Assets/LuaCode/Logic/FakeServer.lua" />
      <jump line="14" column="5" filename="E:/TFW/trunk/client/TFW/Assets/LuaCode/Logic/FakeServer.lua" />
      <jump line="27" column="4" filename="E:/TFW/trunk/client/TFW/Assets/LuaCode/Logic/FakeServer.lua" />
      <jump line="5" column="11" filename="E:/TFW/trunk/client/TFW/Assets/LuaCode/Render/BlogHandlers.lua" />
      <jump line="5" column="11" filename="E:/TFW/trunk/client/TFW/Assets/LuaCode/UI/WndMapUI.lua" />
      <jump line="0" column="0" filename="E:/TFW/trunk/client/TFW/Assets/LuaCode/UI/WndMgr.lua" />
      <jump line="15" column="15" filename="E:/TileMapMaker/TileMapMaker/Assets/Script/Map/Map.cs" />
      <jump line="41" column="9" filename="E:/TFW/trunk/client/TFW/Assets/LuaCode/UI/WndWorld.lua" />
      <jump line="194" column="18" filename="E:/TFW/trunk/client/TFW/Assets/LuaCode/UI/WndWorld.lua" />
      <jump line="548" column="8" filename="E:/N1/client/N1/Assets/Script/Map/MapLayerFront.cs" />
      <jump line="49" column="22" filename="E:/N1/client/N1/Assets/Script/Map/MapLayerFront.cs" />
      <jump line="15" column="8" filename="E:/N1-0.2.99/client/N1/Assets/Res/Shader/WaterAll.shader" />
      <jump line="73" column="14" filename="E:/N1-0.2.99/client/N1/Assets/Res/Shader/WaterAll.shader" />
      <jump line="32" column="7" filename="E:/TFW/trunk/client/TFW/Assets/LuaCode/UI/WndWorld.lua" />
      <jump line="60" column="16" filename="E:/TFW/trunk/client/TFW/Assets/LuaCode/UI/WndWorld.lua" />
      <jump line="8" column="25" filename="E:/TFW/trunk/client/TFW/Assets/Framework/Script/Map/API/MapAPI.cs" />
      <jump line="73" column="27" filename="E:/TFW/trunk/client/TFW/Assets/Framework/Script/MapLayer/Camera/MapCameraMgr.cs" />
      <jump line="32" column="17" filename="E:/TFW/trunk/client/TFW/Assets/Editor/XLua/XLuaExport.cs" />
      <jump line="114" column="15" filename="E:/TFW/trunk/client/TFW/Assets/Editor/XLua/XLuaExport.cs" />
      <jump line="131" column="22" filename="E:/TFW/trunk/client/TFW/Assets/Editor/XLua/XLuaExport.cs" />
    </jumps>
    <registers>
      <register name="&quot;" type="4">
        <text>1</text>
      </register>
      <register name="-" type="4">
        <text>1</text>
      </register>
      <register name="/" type="4">
        <text>netmsg</text>
      </register>
      <register name="0" type="4">
        <text>MoveCameraToTarget</text>
      </register>
      <register name="1" type="4">
        <text>--------------------- 
作者：yiwenyida 
来源：CSDN 
原文：https://blog.csdn.net/feihongxueni/article/details/51916697 
版权声明：本文为博主原创文章，转载请附上博文链接！</text>
      </register>
      <register name="2" type="2">
        <text encoding="base64">ICAgIGxvY2FsIHAgPSBWZWMzKHBvc2l0aW9uLngsIE1hcE1nci5NYXBDYW1lcmEudHJhbnNmb3JtLnBvc2l0aW9uLnksIHBvc2l0aW9uLnopCg==</text>
      </register>
      <register name="3" type="2">
        <text encoding="base64">ICAgICAgICAgICAgRGVidWcuTG9nKCJNYXA6U2V0TG9va0F0UG9zaXRpb246ICIgKyBvZmZzZXQuVG9TdHJpbmcoKSk7Cg==</text>
      </register>
      <register name="4" type="2">
        <text encoding="base64">ICAgIAo=</text>
      </register>
      <register name="5" type="2">
        <text encoding="base64">Cg==</text>
      </register>
      <register name="6" type="2">
        <text encoding="base64">Cg==</text>
      </register>
      <register name="7" type="4">
        <text>-- zoomGesture = {
-- 	float initialDistanc,	两根手指点击屏幕的初始距离
-- 	float deltaDistance,	两根手指在屏幕上滑动的相对距离
-- 	vec2 touchDirection,	两根手指之间的位置差
--	vec2 touchCenter,		两根手指的中点
-- }</text>
      </register>
      <register name="8" type="2">
        <text encoding="base64">Cg==</text>
      </register>
      <register name="9" type="4">
        <text>-- tapGesture = {
-- 	vec3 position,		点击的屏幕位置
-- }
-- TODO 需重构</text>
      </register>
      <register name=":" type="4">
        <text>w</text>
      </register>
    </registers>
    <search>
      <last-search>netmsg</last-search>
      <last-offset />
      <last-pattern>netmsg</last-pattern>
      <last-replace>WndEnemyCityPopup</last-replace>
      <last-substitute>WndPlayerCityPopup</last-substitute>
      <last-dir>1</last-dir>
      <show-last>false</show-last>
    </search>
    <history>
      <history-search>
        <entry>fixline</entry>
        <entry>removepreview</entry>
        <entry encoding="base64">XDxVcGRhdGVcPg==</entry>
        <entry encoding="base64">XDxTZXREYXRhXD4=</entry>
        <entry encoding="base64">XDxtYXBXaW5kb3dzXD4=</entry>
        <entry encoding="base64">XDx0cmFuc2Zvcm1CaW5kTWFwXD4=</entry>
        <entry>tostring</entry>
        <entry encoding="base64">XDxTZXRFbnRpdHlTdGF0aWNJbmZvXD4=</entry>
        <entry encoding="base64">XDxUcm9vcEluZm9cPg==</entry>
        <entry encoding="base64">XDxzb2xkaWVyc01hcFw+</entry>
        <entry>respose</entry>
        <entry>response</entry>
        <entry>colli</entry>
        <entry>returned</entry>
        <entry encoding="base64">XDxCbG9nVHlwZVw+</entry>
        <entry encoding="base64">XDxTaG93UGxheWVyVHJvb3BMaXN0XD4=</entry>
        <entry encoding="base64">XDxMYXllclJpdmVyT2JqZWN0XD4=</entry>
        <entry encoding="base64">XDxfV2F0ZXJNYXNrXD4=</entry>
        <entry>modelquality</entry>
        <entry>netmsg</entry>
      </history-search>
      <history-cmd>
        <entry>Lw</entry>
        <entry>%s/WndPlayerTroopPopup/WndNPCPopup/gc</entry>
        <entry>ww</entry>
        <entry>%s/PlayerTroopListItem/PlayerTroopPopup/gc</entry>
        <entry>%s/WndPlayerTroopPopup/PlayerTroopPopup/gc</entry>
        <entry>vwsp</entry>
        <entry>w:w</entry>
        <entry encoding="base64">JzwsJz53</entry>
        <entry>%s/Entity/Unit/gc</entry>
        <entry>21,75s/&quot;/'/gc</entry>
        <entry>%s/WndPlayerCityPopup/WndEnemyCityPopup/gc</entry>
        <entry>we</entry>
        <entry>set ignorecase</entry>
        <entry>action QuickJavaDoc</entry>
        <entry>ew</entry>
        <entry>W</entry>
        <entry>vsp</entry>
        <entry>wq</entry>
        <entry>q</entry>
        <entry>w</entry>
      </history-cmd>
      <history-expr />
      <history-input />
    </history>
    <shortcut-conflicts>
      <shortcut-conflict owner="ide">
        <text>ctrl pressed N</text>
      </shortcut-conflict>
      <shortcut-conflict owner="vim">
        <text>ctrl pressed U</text>
      </shortcut-conflict>
      <shortcut-conflict owner="vim">
        <text>ctrl pressed W</text>
      </shortcut-conflict>
      <shortcut-conflict owner="ide">
        <text>ctrl pressed M</text>
      </shortcut-conflict>
      <shortcut-conflict owner="vim">
        <text>ctrl pressed D</text>
      </shortcut-conflict>
      <shortcut-conflict owner="vim">
        <text>ctrl pressed H</text>
      </shortcut-conflict>
      <shortcut-conflict owner="vim">
        <text>ctrl pressed S</text>
      </shortcut-conflict>
      <shortcut-conflict owner="ide">
        <text>ctrl pressed V</text>
      </shortcut-conflict>
      <shortcut-conflict owner="ide">
        <text>ctrl pressed T</text>
      </shortcut-conflict>
      <shortcut-conflict owner="vim">
        <text>ctrl pressed P</text>
      </shortcut-conflict>
      <shortcut-conflict owner="ide">
        <text>ctrl pressed C</text>
      </shortcut-conflict>
      <shortcut-conflict owner="vim">
        <text>ctrl pressed R</text>
      </shortcut-conflict>
      <shortcut-conflict owner="vim">
        <text>ctrl pressed F</text>
      </shortcut-conflict>
      <shortcut-conflict owner="ide">
        <text>ctrl pressed E</text>
      </shortcut-conflict>
      <shortcut-conflict owner="vim">
        <text>ctrl pressed B</text>
      </shortcut-conflict>
      <shortcut-conflict owner="vim">
        <text>ctrl pressed A</text>
      </shortcut-conflict>
      <shortcut-conflict owner="vim">
        <text>ctrl pressed X</text>
      </shortcut-conflict>
    </shortcut-conflicts>
  </component>
</application>