<application>
  <component name="ProjectJdkTable">
    <jdk version="2">
      <name value="Lua" />
      <type value="Lua SDK" />
      <homePath value="" />
      <roots>
        <classPath>
          <root type="composite" />
        </classPath>
        <sourcePath>
          <root type="composite" />
        </sourcePath>
      </roots>
      <additional />
    </jdk>
    <jdk version="2">
      <name value="1.8" />
      <type value="JavaSDK" />
      <homePath value="D:/Java8/jdk" />
      <roots>
        <classPath>
          <root type="composite">
            <root url="jar://D:/Java8/jdk/jre/lib/charsets.jar!/" type="simple" />
            <root url="jar://D:/Java8/jdk/jre/lib/deploy.jar!/" type="simple" />
            <root url="jar://D:/Java8/jdk/jre/lib/ext/access-bridge-64.jar!/" type="simple" />
            <root url="jar://D:/Java8/jdk/jre/lib/ext/cldrdata.jar!/" type="simple" />
            <root url="jar://D:/Java8/jdk/jre/lib/ext/dnsns.jar!/" type="simple" />
            <root url="jar://D:/Java8/jdk/jre/lib/ext/jaccess.jar!/" type="simple" />
            <root url="jar://D:/Java8/jdk/jre/lib/ext/jfxrt.jar!/" type="simple" />
            <root url="jar://D:/Java8/jdk/jre/lib/ext/localedata.jar!/" type="simple" />
            <root url="jar://D:/Java8/jdk/jre/lib/ext/nashorn.jar!/" type="simple" />
            <root url="jar://D:/Java8/jdk/jre/lib/ext/sunec.jar!/" type="simple" />
            <root url="jar://D:/Java8/jdk/jre/lib/ext/sunjce_provider.jar!/" type="simple" />
            <root url="jar://D:/Java8/jdk/jre/lib/ext/sunmscapi.jar!/" type="simple" />
            <root url="jar://D:/Java8/jdk/jre/lib/ext/sunpkcs11.jar!/" type="simple" />
            <root url="jar://D:/Java8/jdk/jre/lib/ext/zipfs.jar!/" type="simple" />
            <root url="jar://D:/Java8/jdk/jre/lib/javaws.jar!/" type="simple" />
            <root url="jar://D:/Java8/jdk/jre/lib/jce.jar!/" type="simple" />
            <root url="jar://D:/Java8/jdk/jre/lib/jfr.jar!/" type="simple" />
            <root url="jar://D:/Java8/jdk/jre/lib/jfxswt.jar!/" type="simple" />
            <root url="jar://D:/Java8/jdk/jre/lib/jsse.jar!/" type="simple" />
            <root url="jar://D:/Java8/jdk/jre/lib/management-agent.jar!/" type="simple" />
            <root url="jar://D:/Java8/jdk/jre/lib/plugin.jar!/" type="simple" />
            <root url="jar://D:/Java8/jdk/jre/lib/resources.jar!/" type="simple" />
            <root url="jar://D:/Java8/jdk/jre/lib/rt.jar!/" type="simple" />
          </root>
        </classPath>
        <sourcePath>
          <root type="composite">
            <root url="jar://D:/Java8/jdk/src.zip!/" type="simple" />
            <root url="jar://D:/Java8/jdk/javafx-src.zip!/" type="simple" />
          </root>
        </sourcePath>
      </roots>
      <additional />
    </jdk>
  </component>
</application>