<application>
  <component name="UpdatesConfigurable">
    <ignoredBuildNumbers>
      <item value="183.4139.168" />
      <item value="183.3885.151" />
      <item value="183.4560.28" />
      <item value="183.4704.20" />
      <item value="191.6062.275" />
      <item value="191.6349.96" />
      <item value="192.7317.11" />
      <item value="193.4778.12" />
      <item value="193.4932.13" />
    </ignoredBuildNumbers>
    <option name="LAST_BUILD_CHECKED" value="RD-192.7317.11" />
    <option name="LAST_TIME_CHECKED" value="1573695273380" />
    <option name="THIRD_PARTY_PLUGINS_ALLOWED" value="true" />
    <option name="UPDATE_CHANNEL_TYPE" value="eap" />
  </component>
</application>