<application>
  <component name="VimSettings">
    <state version="5" enabled="true" />
    <shortcut-conflicts>
      <shortcut-conflict owner="ide">
        <text>ctrl pressed N</text>
      </shortcut-conflict>
      <shortcut-conflict owner="vim">
        <text>ctrl pressed U</text>
      </shortcut-conflict>
      <shortcut-conflict owner="vim">
        <text>ctrl pressed W</text>
      </shortcut-conflict>
      <shortcut-conflict owner="ide">
        <text>ctrl pressed M</text>
      </shortcut-conflict>
      <shortcut-conflict owner="vim">
        <text>ctrl pressed D</text>
      </shortcut-conflict>
      <shortcut-conflict owner="vim">
        <text>ctrl pressed H</text>
      </shortcut-conflict>
      <shortcut-conflict owner="vim">
        <text>ctrl pressed S</text>
      </shortcut-conflict>
      <shortcut-conflict owner="ide">
        <text>ctrl pressed V</text>
      </shortcut-conflict>
      <shortcut-conflict owner="ide">
        <text>ctrl pressed T</text>
      </shortcut-conflict>
      <shortcut-conflict owner="vim">
        <text>ctrl pressed P</text>
      </shortcut-conflict>
      <shortcut-conflict owner="ide">
        <text>ctrl pressed C</text>
      </shortcut-conflict>
      <shortcut-conflict owner="vim">
        <text>ctrl pressed R</text>
      </shortcut-conflict>
      <shortcut-conflict owner="ide">
        <text>ctrl pressed F</text>
      </shortcut-conflict>
      <shortcut-conflict owner="ide">
        <text>ctrl pressed E</text>
      </shortcut-conflict>
      <shortcut-conflict owner="vim">
        <text>ctrl pressed B</text>
      </shortcut-conflict>
      <shortcut-conflict owner="vim">
        <text>ctrl pressed A</text>
      </shortcut-conflict>
      <shortcut-conflict owner="vim">
        <text>ctrl pressed X</text>
      </shortcut-conflict>
      <shortcut-conflict owner="ide">
        <text>ctrl pressed J</text>
      </shortcut-conflict>
      <shortcut-conflict owner="vim">
        <text>ctrl pressed L</text>
      </shortcut-conflict>
      <shortcut-conflict owner="vim">
        <text>ctrl pressed O</text>
      </shortcut-conflict>
      <shortcut-conflict owner="vim">
        <text>ctrl pressed I</text>
      </shortcut-conflict>
      <shortcut-conflict owner="vim">
        <text>shift ctrl pressed 6</text>
      </shortcut-conflict>
    </shortcut-conflicts>
    <editor />
    <notifications>
      <idea-join enabled="true" />
      <idea-put enabled="false" />
      <template-selectmode enabled="false" />
    </notifications>
  </component>
</application>